income,credit_score,debt_to_income,employment_years,applicant_group,approved
38656.6,614.0,0.388,3.9,A,1
22520.19,597.0,0.484,6.1,A,1
32150.9,685.0,0.391,1.4,B,1
37451.32,670.0,0.686,2.9,B,0
11587.58,538.0,0.564,0.6,A,0
19373.85,740.0,0.304,5.7,A,1
36534.08,642.0,0.302,1.6,A,0
23978.31,561.0,0.42,6.7,B,1
29839.29,745.0,0.224,6.9,B,0
24763.47,700.0,0.525,3.1,A,1
45552.78,549.0,0.404,3.0,A,1
34997.98,792.0,0.388,0.9,B,1
23882.17,703.0,0.453,3.6,B,1
48526.89,649.0,0.608,6.1,A,1
40610.11,777.0,0.376,4.3,A,1
20201.02,663.0,0.333,8.6,B,1
39425.01,648.0,0.576,2.6,A,1
23493.41,597.0,0.495,2.6,A,0
33877.65,697.0,0.302,1.7,B,0
34400.89,688.0,0.351,12.4,A,0
26193.52,651.0,0.379,0.9,B,0
22460.44,587.0,0.404,5.8,B,0
49670.5,660.0,0.147,6.1,A,1
33145.65,644.0,0.119,6.0,A,1
25172.62,543.0,0.217,1.8,B,0
30774.4,532.0,0.205,3.1,A,1
41387.71,695.0,0.253,5.2,A,0
39385.33,442.0,0.445,2.1,A,0
39952.79,666.0,0.325,2.8,A,1
33946.25,612.0,0.379,2.2,B,1
50844.32,755.0,0.166,3.8,B,1
24832.5,611.0,0.281,3.6,B,1
28853.09,703.0,0.438,9.6,A,1
25234.73,618.0,0.439,5.3,A,1
37282.06,659.0,0.241,1.2,B,1
48547.67,709.0,0.374,1.2,A,1
29001.24,613.0,0.68,5.8,B,0
24918.12,730.0,0.347,3.5,A,1
25106.23,571.0,0.246,12.0,A,0
42807.11,674.0,0.324,11.9,A,0
43919.05,724.0,0.364,1.6,A,1
41517.85,703.0,0.327,4.4,A,1
27013.88,803.0,0.345,1.3,A,1
37785.94,589.0,0.133,5.8,A,0
36400.23,540.0,0.206,10.5,A,1
29760.48,570.0,0.328,3.9,B,1
45457.15,703.0,0.325,2.5,A,1
32010.51,690.0,0.265,4.7,B,0
43146.96,658.0,0.323,6.6,A,1
35810.95,560.0,0.359,6.6,A,0
38469.43,711.0,0.483,2.6,A,1
39618.76,552.0,0.335,2.1,B,0
15452.72,743.0,0.41,4.2,B,0
20296.46,850.0,0.269,2.7,B,1
29355.53,679.0,0.436,8.0,A,1
23140.68,697.0,0.406,2.7,B,1
25069.66,611.0,0.48,3.7,B,0
41133.59,505.0,0.457,4.6,B,0
24610.03,602.0,0.438,1.0,A,1
38582.61,563.0,0.335,2.2,B,1
14805.56,534.0,0.387,11.6,A,1
26626.46,788.0,0.51,6.4,B,1
36953.04,672.0,0.252,2.6,A,0
42034.67,680.0,0.256,5.8,A,0
43534.72,625.0,0.377,7.9,A,0
32176.66,636.0,0.412,3.0,B,1
30815.3,727.0,0.226,6.2,A,1
29451.78,647.0,0.339,5.6,A,0
45295.71,692.0,0.336,1.3,A,1
25043.32,634.0,0.018,3.0,B,1
19691.76,623.0,0.317,9.8,A,1
16497.88,537.0,0.326,11.4,B,0
23966.57,492.0,0.326,6.5,A,0
34378.78,629.0,0.562,2.2,B,0
33545.77,655.0,0.168,0.3,B,1
37673.6,547.0,0.226,1.9,B,1
24179.06,647.0,0.0,1.1,B,0
36902.48,654.0,0.278,10.3,A,0
42507.08,478.0,0.291,0.6,A,1
24453.7,577.0,0.274,1.3,B,0
40481.3,683.0,0.516,4.1,A,1
27056.89,681.0,0.479,3.5,A,0
22595.97,558.0,0.362,9.5,B,0
30419.15,663.0,0.294,5.4,A,1
20649.92,732.0,0.504,3.2,A,0
34167.07,712.0,0.347,8.1,B,1
29367.17,642.0,0.227,2.6,A,0
35149.93,613.0,0.093,10.0,A,1
40768.96,600.0,0.284,1.7,A,1
40358.37,687.0,0.463,3.4,A,1
34543.79,666.0,0.691,0.4,B,0
26117.25,700.0,0.359,6.7,B,0
29920.42,661.0,0.235,4.0,A,1
34043.38,716.0,0.172,10.0,A,0
14751.99,658.0,0.433,2.9,A,0
17634.65,713.0,0.085,0.9,A,1
15387.11,720.0,0.433,4.9,B,1
19530.02,586.0,0.473,2.3,B,1
39797.29,505.0,0.415,6.0,A,0
19288.54,773.0,0.317,1.7,B,0
24311.77,671.0,0.435,8.9,B,1
50590.74,513.0,0.376,3.7,A,1
24838.72,593.0,0.233,3.2,B,0
35149.31,712.0,0.628,8.5,B,0
23796.59,628.0,0.297,6.7,A,0
32534.75,609.0,0.466,2.0,A,1
18891.55,762.0,0.0,6.6,B,0
26882.24,566.0,0.541,5.7,B,1
45083.7,586.0,0.57,3.3,A,1
14272.15,667.0,0.354,6.3,A,0
29803.78,681.0,0.434,8.8,B,1
37852.83,690.0,0.434,3.4,A,1
27870.2,723.0,0.254,3.4,A,1
17647.31,666.0,0.432,3.3,A,1
27307.64,689.0,0.229,1.9,B,1
20462.65,629.0,0.259,3.4,B,1
29582.69,655.0,0.519,3.1,B,1
35262.23,659.0,0.496,2.9,A,1
54221.35,667.0,0.244,2.9,A,1
32127.73,712.0,0.24,1.3,A,0
22718.03,694.0,0.253,7.2,A,1
37151.31,654.0,0.46,2.2,A,1
31108.51,585.0,0.2,9.2,B,0
40343.5,655.0,0.404,1.6,B,1
36203.66,648.0,0.462,10.6,B,1
39282.45,665.0,0.337,2.7,A,0
52559.63,827.0,0.502,6.7,A,1
20734.84,608.0,0.304,3.9,A,1
27322.98,684.0,0.318,1.1,A,0
23881.09,735.0,0.203,1.2,A,1
30322.28,658.0,0.503,2.1,A,1
14976.63,837.0,0.235,2.6,B,0
42621.81,620.0,0.402,3.5,A,1
32333.33,676.0,0.339,4.6,A,1
17350.32,586.0,0.192,3.1,A,1
18373.64,622.0,0.259,4.4,B,1
38762.17,670.0,0.557,4.9,A,1
45057.52,718.0,0.38,3.0,A,1
58960.77,676.0,0.199,5.6,A,1
69966.35,751.0,0.396,6.5,A,1
32218.54,642.0,0.328,5.0,B,1
23125.54,623.0,0.868,5.2,A,1
9415.44,850.0,0.393,4.1,A,1
27898.16,682.0,0.293,7.6,B,0
25244.71,592.0,0.563,3.5,A,1
23926.48,594.0,0.074,2.1,B,1
27654.84,575.0,0.364,3.6,A,0
26945.42,725.0,0.649,1.2,B,0
47791.76,621.0,0.333,1.0,A,1
36884.58,660.0,0.09,6.6,A,0
33096.38,645.0,0.291,9.3,A,0
17914.15,709.0,0.568,2.8,B,0
14903.8,582.0,0.406,6.6,A,0
20623.99,564.0,0.224,0.5,B,0
29668.76,668.0,0.247,5.0,B,1
56215.16,698.0,0.266,3.5,A,1
36563.29,677.0,0.404,10.3,A,1
46792.87,585.0,0.551,3.2,A,1
24324.65,704.0,0.508,1.5,B,0
15275.43,590.0,0.418,0.9,B,0
23418.6,608.0,0.15,3.6,A,0
26297.29,574.0,0.151,4.1,A,1
46842.82,754.0,0.43,3.0,B,1
25143.36,701.0,0.148,6.7,A,1
45061.87,698.0,0.316,8.6,A,1
24164.87,750.0,0.396,2.7,A,1
46178.88,850.0,0.179,0.7,A,1
30139.29,513.0,0.196,4.4,B,1
26345.69,591.0,0.336,7.7,B,1
34510.85,601.0,0.426,2.7,A,1
27142.55,582.0,0.509,5.2,A,0
32269.64,564.0,0.441,1.4,B,0
29540.2,626.0,0.361,4.3,A,1
20292.73,553.0,0.238,5.3,A,0
19664.75,677.0,0.189,4.4,A,0
28646.19,654.0,0.273,12.0,B,1
39877.0,688.0,0.411,9.2,B,1
31980.54,691.0,0.4,5.9,B,0
33576.34,698.0,0.035,7.3,A,1
27031.01,620.0,0.232,4.3,B,1
50672.02,820.0,0.531,3.4,A,0
31222.74,669.0,0.362,2.5,B,1
30068.87,501.0,0.137,1.4,A,1
48275.46,570.0,0.703,9.5,A,1
40145.08,511.0,0.346,12.4,A,1
53429.07,651.0,0.408,3.7,A,1
37198.81,640.0,0.41,3.7,A,0
20306.37,613.0,0.295,5.4,A,0
13680.35,811.0,0.241,3.2,B,1
47426.0,694.0,0.668,1.5,B,0
55683.99,708.0,0.5,1.1,A,0
32845.77,576.0,0.473,12.1,A,1
30401.75,570.0,0.436,0.8,A,0
52537.33,653.0,0.2,4.5,A,0
21715.45,664.0,0.542,0.9,A,0
20078.36,501.0,0.224,3.3,B,0
33253.55,636.0,0.392,2.7,B,0
30264.74,651.0,0.104,1.0,A,1
25317.8,633.0,0.044,5.6,B,1
26430.07,585.0,0.398,1.4,B,1
39050.89,607.0,0.229,0.9,A,1
46179.31,636.0,0.052,6.0,B,1
36087.02,657.0,0.431,2.7,A,1
42727.27,698.0,0.668,1.9,A,1
8988.04,736.0,0.558,6.2,B,0
27116.27,626.0,0.311,1.4,B,0
24881.24,614.0,0.351,0.7,A,1
20374.24,685.0,0.483,8.2,A,1
18429.06,699.0,0.518,11.0,B,1
30990.52,615.0,0.298,3.2,A,1
35345.76,713.0,0.355,3.2,B,0
14322.62,728.0,0.395,6.5,B,1
35367.58,753.0,0.433,7.7,A,0
22202.37,792.0,0.33,1.5,B,1
24109.34,581.0,0.332,2.8,B,1
36563.04,651.0,0.557,4.3,B,0
41457.39,651.0,0.531,6.2,A,1
51048.78,642.0,0.422,5.8,A,1
33145.93,598.0,0.608,5.2,A,1
21433.23,531.0,0.292,7.7,B,0
27575.67,657.0,0.593,3.4,B,1
30571.48,589.0,0.431,9.5,B,0
37118.88,657.0,0.841,2.3,A,1
21987.34,586.0,0.171,5.9,A,0
36085.88,562.0,0.247,2.6,A,1
29927.95,669.0,0.413,3.3,B,0
65209.69,662.0,0.41,3.7,A,1
43332.98,696.0,0.643,2.5,B,1
24761.08,825.0,0.25,7.9,A,1
31551.4,672.0,0.486,2.7,A,0
14816.32,689.0,0.524,3.5,B,1
27911.52,564.0,0.456,5.4,A,0
38787.26,547.0,0.206,15.5,A,1
38294.72,777.0,0.561,5.5,B,1
26250.99,576.0,0.534,3.8,A,1
22819.16,566.0,0.44,0.6,B,1
7453.2,647.0,0.381,3.2,B,1
26591.73,643.0,0.384,2.1,B,1
22251.03,578.0,0.338,2.8,A,1
28646.73,626.0,0.446,2.5,A,1
21251.37,748.0,0.355,5.4,B,1
33868.85,586.0,0.223,3.2,A,1
10530.64,539.0,0.193,1.7,B,0
13716.63,725.0,0.237,6.7,B,0
60550.97,689.0,0.383,1.2,A,1
19550.93,600.0,0.346,3.6,A,0
18507.71,523.0,0.382,3.2,B,0
57042.96,590.0,0.425,4.6,A,1
69860.81,646.0,0.256,7.7,A,1
17443.6,743.0,0.57,17.0,B,1
30581.01,567.0,0.31,3.8,A,1
39098.67,643.0,0.285,2.1,A,1
45575.56,704.0,0.422,1.9,B,0
17514.65,459.0,0.075,1.9,B,1
32056.67,733.0,0.231,4.5,A,0
34246.14,555.0,0.497,0.4,B,0
32875.5,677.0,0.089,1.2,B,1
30486.13,670.0,0.518,4.5,A,1
33394.12,737.0,0.577,6.9,A,0
15294.78,694.0,0.295,6.9,B,0
32141.92,460.0,0.394,3.9,A,1
25480.94,587.0,0.518,6.3,B,0
37786.04,661.0,0.28,7.8,A,1
28336.07,634.0,0.48,2.6,A,1
40658.46,688.0,0.249,7.3,A,1
47152.59,713.0,0.278,0.8,A,1
27824.34,699.0,0.23,1.1,B,1
39221.08,633.0,0.401,2.8,A,0
28686.72,502.0,0.524,0.7,B,1
35001.01,614.0,0.322,5.4,A,1
22837.98,683.0,0.159,2.3,B,0
27476.54,563.0,0.188,3.3,B,1
33832.56,701.0,0.409,3.3,A,0
60118.02,723.0,0.627,2.7,A,1
43674.08,660.0,0.409,1.9,B,1
30538.87,405.0,0.292,5.2,B,0
25843.31,548.0,0.465,2.3,A,0
21651.06,801.0,0.314,3.3,A,0
44009.96,606.0,0.293,4.7,B,1
38152.99,491.0,0.206,7.8,A,1
33293.1,749.0,0.561,7.4,B,1
14064.97,651.0,0.0,2.5,A,0
46129.26,738.0,0.47,1.8,A,0
28088.27,672.0,0.28,8.8,B,1
21674.83,687.0,0.288,2.3,A,0
22406.61,679.0,0.604,5.1,B,1
38164.61,706.0,0.243,0.7,A,1
35629.6,832.0,0.248,0.4,A,1
31493.95,728.0,0.33,3.8,A,1
33758.14,524.0,0.412,3.0,A,0
26845.3,686.0,0.284,6.0,B,0
31672.0,741.0,0.114,1.9,B,0
42092.89,746.0,0.22,4.4,B,0
8000.0,616.0,0.542,5.8,A,1
32157.8,743.0,0.361,2.0,A,1
37118.15,724.0,0.418,2.8,A,0
32589.89,850.0,0.311,1.3,B,1
30537.03,590.0,0.251,6.2,A,0
13919.34,609.0,0.602,5.3,A,0
38935.95,626.0,0.322,5.6,A,1
55728.2,611.0,0.283,3.0,A,1
12917.74,579.0,0.514,5.2,B,0
39934.3,429.0,0.242,3.2,B,1
25053.47,615.0,0.261,9.8,B,1
34264.11,680.0,0.352,3.5,A,0
22365.22,611.0,0.35,7.1,A,0
30986.53,805.0,0.389,3.0,A,1
39484.39,651.0,0.664,8.5,B,1
33886.33,753.0,0.4,1.8,B,1
55787.74,671.0,0.0,4.8,A,1
40233.68,716.0,0.399,2.1,B,1
40269.04,672.0,0.356,4.3,A,1
55927.21,760.0,0.357,2.3,A,1
40267.92,654.0,0.387,3.5,A,1
44935.86,690.0,0.346,2.6,A,1
25092.16,679.0,0.342,5.7,B,0
28306.17,627.0,0.442,5.0,B,1
20028.27,682.0,0.269,2.1,B,0
40309.35,829.0,0.208,2.0,B,1
16309.84,628.0,0.804,1.7,B,0
44388.2,684.0,0.243,1.4,A,1
32712.19,751.0,0.365,5.9,A,1
49054.97,741.0,0.126,1.6,A,1
36435.59,651.0,0.367,4.5,B,1
43135.29,459.0,0.21,2.4,B,0
35819.05,691.0,0.284,6.9,B,1
16135.52,472.0,0.507,11.4,A,1
34196.56,768.0,0.421,0.1,A,1
17692.18,664.0,0.435,1.8,B,0
28780.64,730.0,0.084,2.4,A,1
53134.74,578.0,0.626,3.1,A,0
42650.41,526.0,0.171,2.9,A,1
26612.83,671.0,0.579,1.1,A,0
19139.81,647.0,0.503,11.6,B,1
25921.82,611.0,0.437,3.0,B,0
16573.29,657.0,0.222,5.0,B,0
26946.32,850.0,0.373,5.1,A,1
38744.11,717.0,0.279,0.9,A,1
42257.28,734.0,0.354,2.7,B,1
42305.14,718.0,0.313,5.9,A,1
8000.0,768.0,0.044,8.9,A,1
32459.74,635.0,0.518,2.7,B,0
35864.4,486.0,0.338,1.1,A,0
39966.68,635.0,0.277,2.2,A,0
45985.85,715.0,0.266,2.6,B,1
8274.19,572.0,0.404,2.6,B,0
27906.76,636.0,0.216,1.7,A,0
42090.88,595.0,0.012,0.9,A,1
11707.72,770.0,0.411,1.3,B,0
39043.89,710.0,0.428,2.2,B,0
30999.74,702.0,0.32,5.9,B,1
45159.01,700.0,0.178,7.4,A,1
22951.1,647.0,0.363,3.8,B,1
34777.03,666.0,0.13,1.4,B,0
47821.66,555.0,0.196,2.3,A,1
37794.54,475.0,0.237,0.4,A,1
30981.55,662.0,0.477,9.0,B,1
31550.41,676.0,0.296,2.0,B,1
19288.2,747.0,0.283,4.7,B,1
26889.39,776.0,0.643,7.1,B,1
26927.2,776.0,0.403,10.6,B,0
39600.73,570.0,0.401,6.3,A,1
46997.89,622.0,0.295,2.5,A,1
18005.22,688.0,0.261,5.1,B,0
33499.89,850.0,0.022,10.4,A,1
52777.47,768.0,0.495,2.0,A,0
20449.83,740.0,0.417,0.9,B,0
25133.0,619.0,0.323,1.7,A,0
31335.57,579.0,0.329,4.9,B,1
45132.62,713.0,0.46,2.6,A,1
35137.11,562.0,0.117,3.3,A,0
50947.53,631.0,0.262,5.5,A,0
34800.27,641.0,0.18,1.7,B,1
33987.87,777.0,0.616,3.2,B,0
41649.4,622.0,0.481,2.3,A,1
62931.84,455.0,0.02,10.1,A,1
32538.06,690.0,0.123,6.2,A,0
9231.18,594.0,0.33,2.6,B,0
42772.67,653.0,0.279,2.5,B,0
23304.23,643.0,0.151,10.9,B,1
36294.57,628.0,0.642,10.3,A,1
40997.0,713.0,0.397,4.9,B,0
15772.89,527.0,0.421,3.4,A,0
19980.23,609.0,0.246,1.1,A,0
15784.66,705.0,0.458,1.7,A,0
25470.36,601.0,0.293,1.1,A,1
40275.64,521.0,0.307,7.3,A,0
36736.59,703.0,0.442,1.2,B,0
38315.29,740.0,0.106,2.5,A,1
12778.97,646.0,0.59,0.5,B,1
6685.85,493.0,0.377,0.8,B,0
35652.24,706.0,0.542,5.6,A,1
29338.69,517.0,0.189,4.3,A,1
28825.15,675.0,0.212,3.5,B,1
43423.44,579.0,0.176,2.5,A,0
36658.9,557.0,0.388,0.7,A,1
44121.6,615.0,0.36,2.2,A,1
29455.7,635.0,0.28,3.0,B,0
33274.66,598.0,0.198,5.4,B,1
22880.49,697.0,0.16,7.0,B,1
27387.37,614.0,0.343,5.8,B,0
37361.31,728.0,0.28,4.3,A,1
37240.44,672.0,0.247,3.5,B,1
24389.25,594.0,0.582,4.0,B,0
41254.01,581.0,0.338,2.1,A,1
25411.84,518.0,0.541,3.7,B,0
27215.14,673.0,0.27,3.0,B,1
44954.23,622.0,0.387,13.8,A,1
11083.28,460.0,0.342,4.1,A,1
19442.33,607.0,0.095,0.4,A,1
13165.18,578.0,0.564,2.4,B,1
8000.0,776.0,0.33,2.8,A,0
26860.83,514.0,0.462,6.3,A,0
32707.7,535.0,0.237,4.5,B,1
22544.72,739.0,0.325,4.3,B,1
29255.09,759.0,0.22,8.3,B,1
41938.29,590.0,0.535,10.3,B,0
50932.23,599.0,0.397,5.6,A,0
34170.34,699.0,0.405,2.6,A,0
35536.66,464.0,0.554,2.6,B,0
36105.52,501.0,0.523,7.6,A,0
24951.22,628.0,0.465,2.6,A,0
21367.29,774.0,0.137,3.3,B,0
17233.56,615.0,0.246,2.4,A,1
19680.97,658.0,0.199,1.4,B,0
22936.52,741.0,0.459,13.1,B,0
36455.16,819.0,0.376,3.3,B,1
55649.24,604.0,0.141,9.1,A,0
18413.82,649.0,0.322,2.6,A,0
39713.93,796.0,0.126,2.0,A,0
17810.88,528.0,0.342,5.3,B,1
40696.37,732.0,0.102,7.0,A,1
33426.96,569.0,0.429,7.3,A,0
10800.21,658.0,0.407,3.0,B,1
46139.56,631.0,0.636,5.7,A,0
27739.99,573.0,0.477,2.2,A,0
28593.2,571.0,0.287,3.7,A,1
22162.97,672.0,0.473,2.8,A,0
27148.6,730.0,0.14,2.4,A,1
40134.69,640.0,0.206,3.8,A,0
26977.53,656.0,0.4,1.3,B,0
34526.39,696.0,0.026,6.6,B,0
32822.98,572.0,0.344,2.5,B,1
37294.17,709.0,0.197,6.4,B,1
22730.07,716.0,0.365,1.6,B,1
13172.85,850.0,0.188,2.4,B,0
47806.67,620.0,0.414,1.3,A,1
31022.14,613.0,0.353,1.3,A,1
35624.16,712.0,0.56,1.8,B,1
29952.34,716.0,0.351,1.6,B,0
33426.35,607.0,0.235,1.3,A,0
39185.31,618.0,0.313,3.5,A,1
58412.15,693.0,0.148,5.2,A,1
59923.77,584.0,0.411,5.4,A,1
26915.71,617.0,0.438,0.6,B,1
36922.29,657.0,0.72,2.8,A,1
39854.51,730.0,0.257,2.5,B,0
19830.28,602.0,0.31,8.4,B,0
38996.84,503.0,0.264,2.8,A,1
27122.45,497.0,0.382,3.3,B,0
29479.3,549.0,0.407,0.9,B,0
24999.57,545.0,0.342,1.7,A,0
15925.19,638.0,0.513,0.9,A,1
8378.21,555.0,0.257,3.6,B,0
21591.39,594.0,0.498,8.6,A,1
29495.9,588.0,0.431,1.8,A,0
31481.7,615.0,0.348,2.9,A,0
58246.77,756.0,0.303,1.6,A,1
40257.22,703.0,0.714,2.1,B,1
23454.91,651.0,0.227,3.7,A,1
33714.47,613.0,0.395,11.4,B,0
30115.06,615.0,0.237,8.3,A,1
26493.75,676.0,0.618,10.0,B,1
37223.91,697.0,0.483,6.4,A,1
33568.25,577.0,0.248,2.8,B,1
23266.44,653.0,0.427,2.5,B,0
47766.22,487.0,0.389,1.8,A,0
17934.04,667.0,0.273,2.8,B,0
35076.07,711.0,0.464,8.7,A,1
54392.6,628.0,0.408,8.6,B,0
28101.86,795.0,0.382,14.1,B,0
52198.57,580.0,0.344,3.9,A,1
36098.24,667.0,0.415,1.1,A,0
41969.33,647.0,0.384,5.0,A,1
27070.49,642.0,0.359,11.4,B,1
27898.87,641.0,0.254,9.5,B,1
25646.21,659.0,0.604,2.3,A,1
40163.62,718.0,0.192,1.2,A,1
24781.55,760.0,0.414,1.2,A,1
42987.02,650.0,0.302,1.9,A,1
48023.44,715.0,0.614,2.1,A,1
39398.38,594.0,0.214,2.7,A,1
25662.57,711.0,0.24,5.5,B,0
40447.59,589.0,0.205,2.6,A,0
25288.88,737.0,0.399,3.5,B,1
46226.57,827.0,0.144,0.8,A,1
13023.13,640.0,0.278,1.8,A,1
22205.46,475.0,0.027,1.7,B,0
11110.26,606.0,0.386,0.7,A,1
17059.27,749.0,0.275,2.5,A,1
41240.57,694.0,0.127,0.8,B,1
39087.89,670.0,0.513,2.4,B,0
21858.04,731.0,0.154,3.7,B,0
16969.96,689.0,0.47,8.8,A,0
8000.0,747.0,0.245,1.7,A,0
28478.05,724.0,0.59,3.7,A,1
46527.04,772.0,0.462,2.0,B,1
31637.81,679.0,0.199,0.8,B,1
28285.13,722.0,0.212,8.9,A,1
35945.44,625.0,0.441,3.9,B,0
16268.5,602.0,0.311,4.8,A,1
31432.12,787.0,0.325,9.8,A,1
36193.73,667.0,0.541,2.4,A,1
33966.79,714.0,0.238,1.1,A,0
37397.5,660.0,0.364,1.6,B,1
30876.89,603.0,0.493,1.0,B,0
43019.91,651.0,0.471,7.3,A,1
26739.53,765.0,0.326,11.7,A,1
45773.78,694.0,0.307,3.7,A,1
54547.24,513.0,0.089,5.6,A,1
23358.21,633.0,0.192,6.6,A,0
24347.65,793.0,0.398,10.3,A,1
51029.41,633.0,0.329,11.4,A,1
32703.87,506.0,0.361,0.5,A,1
51845.86,801.0,0.506,2.1,A,1
23393.75,705.0,0.172,3.4,B,1
52460.55,644.0,0.315,1.9,A,1
36577.83,620.0,0.378,2.7,A,1
38098.75,737.0,0.244,4.6,A,1
46807.03,607.0,0.565,4.5,B,0
30658.75,742.0,0.486,6.5,A,1
23706.53,693.0,0.394,3.5,A,0
23831.46,670.0,0.619,0.2,B,0
34520.34,662.0,0.125,2.5,B,1
16210.89,636.0,0.349,4.3,A,1
42649.65,734.0,0.405,6.8,A,1
23086.37,581.0,0.213,6.1,B,0
48773.75,520.0,0.395,3.1,A,1
8000.0,699.0,0.184,1.9,A,1
25561.21,700.0,0.454,3.2,A,1
14762.38,688.0,0.509,0.6,A,0
20038.88,683.0,0.391,2.1,B,0
24788.33,624.0,0.072,7.7,B,0
32849.28,713.0,0.205,3.2,A,1
25092.03,646.0,0.435,4.4,B,0
33089.78,611.0,0.353,0.9,A,1
27848.16,625.0,0.0,6.8,B,0
22897.57,812.0,0.536,3.0,A,1
43482.2,511.0,0.37,4.3,A,1
32778.79,690.0,0.227,5.0,B,0
39620.46,516.0,0.499,6.6,A,0
41678.4,641.0,0.248,3.8,A,0
38557.02,615.0,0.247,3.0,A,0
49974.66,483.0,0.404,1.2,B,1
33954.87,681.0,0.617,0.9,A,1
24461.07,620.0,0.594,3.8,B,1
20901.98,482.0,0.404,4.3,B,0
18572.48,717.0,0.419,4.9,B,0
20066.34,765.0,0.469,1.7,A,0
18949.55,769.0,0.161,2.1,B,0
34151.84,679.0,0.447,3.7,A,0
33335.93,654.0,0.24,2.4,B,1
28611.0,756.0,0.398,14.9,B,1
25813.58,785.0,0.316,2.1,A,1
35964.83,741.0,0.425,4.5,B,0
43872.95,575.0,0.368,6.0,A,1
33084.22,666.0,0.0,6.3,A,0
27165.01,685.0,0.377,2.3,A,0
32702.09,505.0,0.446,5.0,B,1
30254.8,688.0,0.417,4.6,B,0
14465.32,832.0,0.335,5.2,B,1
34184.24,701.0,0.596,3.7,A,0
28223.96,768.0,0.397,6.0,B,1
19056.43,665.0,0.416,4.0,B,1
30586.41,644.0,0.507,1.0,B,1
17542.13,681.0,0.404,3.9,A,1
51034.23,585.0,0.215,4.3,A,0
41356.74,573.0,0.0,5.8,B,0
31969.79,751.0,0.278,3.8,A,0
39361.45,760.0,0.464,10.4,A,1
8000.0,571.0,0.297,3.1,A,0
21123.83,727.0,0.47,2.2,A,1
31474.65,643.0,0.372,8.3,A,1
22134.4,677.0,0.543,3.1,A,0
40000.09,687.0,0.306,3.5,B,0
45359.96,730.0,0.42,4.3,B,0
20880.62,657.0,0.426,4.0,A,0
24950.44,763.0,0.575,5.1,A,1
32795.34,675.0,0.094,5.5,B,1
54333.39,700.0,0.281,2.1,A,1
17123.68,583.0,0.477,1.3,B,0
37988.43,823.0,0.582,1.4,A,1
56855.59,688.0,0.386,7.7,A,1
15178.89,707.0,0.306,2.9,A,1
19627.17,521.0,0.464,6.0,A,0
23666.62,584.0,0.48,5.6,B,0
28752.94,749.0,0.296,3.5,A,1
35313.7,673.0,0.4,1.6,B,1
35860.23,497.0,0.527,5.7,B,0
12137.1,733.0,0.634,3.4,B,0
29983.76,606.0,0.461,1.2,B,1
28069.53,763.0,0.357,2.4,A,1
50293.37,643.0,0.342,0.8,A,0
21511.08,666.0,0.434,2.5,B,0
27360.62,744.0,0.333,3.7,A,1
41493.58,578.0,0.378,3.2,A,1
44155.12,571.0,0.191,2.9,A,1
40377.19,634.0,0.545,3.6,A,1
11945.53,716.0,0.179,4.9,B,1
41456.41,544.0,0.285,6.3,A,0
17270.38,517.0,0.365,6.9,B,0
28756.35,716.0,0.649,1.9,B,1
17915.19,602.0,0.287,7.4,A,0
34072.76,619.0,0.25,3.4,B,1
25320.81,501.0,0.267,2.6,A,0
19608.38,596.0,0.599,1.4,A,0
43565.84,649.0,0.0,4.7,A,1
37899.73,724.0,0.2,4.6,A,1
27632.28,588.0,0.76,2.2,A,0
52414.15,783.0,0.439,2.3,A,1
29712.17,595.0,0.184,3.1,A,0
35385.29,595.0,0.344,2.6,A,1
27350.22,773.0,0.36,1.8,B,0
27564.01,667.0,0.477,1.3,A,1
32705.83,606.0,0.626,7.4,B,0
23668.79,638.0,0.408,2.4,B,0
26054.09,758.0,0.269,4.5,B,1
51351.71,767.0,0.468,5.2,A,1
17188.62,585.0,0.245,4.7,B,1
6640.04,647.0,0.195,5.4,B,0
48538.1,657.0,0.086,4.7,B,1
49563.59,571.0,0.115,2.0,B,1
30136.77,646.0,0.216,2.7,A,0
9633.11,650.0,0.173,7.3,B,1
24341.91,741.0,0.397,2.3,B,0
31565.32,747.0,0.17,3.4,A,0
32720.91,624.0,0.0,4.9,A,1
15195.93,633.0,0.193,9.1,B,1
32692.71,703.0,0.279,6.9,B,1
41294.09,603.0,0.259,1.6,A,1
17067.13,697.0,0.578,4.4,A,1
43390.36,643.0,0.258,4.1,A,0
59632.22,572.0,0.482,2.7,A,0
28472.58,573.0,0.347,3.5,B,1
24258.19,766.0,0.344,2.0,B,1
33295.96,637.0,0.225,3.0,A,0
42383.08,781.0,0.341,2.3,A,1
10886.74,609.0,0.235,3.7,B,0
29810.44,673.0,0.376,2.7,B,1
30314.43,841.0,0.315,9.6,A,1
57173.9,565.0,0.208,3.8,A,1
32909.93,498.0,0.499,3.3,A,0
45605.33,753.0,0.414,2.9,B,1
18026.44,584.0,0.283,2.7,B,0
42047.11,648.0,0.372,1.2,A,1
32380.29,603.0,0.337,6.0,B,1
18453.2,671.0,0.22,8.4,B,0
27941.27,574.0,0.361,2.3,B,0
49550.23,636.0,0.257,7.3,A,1
31114.5,686.0,0.208,14.8,A,1
11877.12,569.0,0.107,11.5,B,0
27352.41,594.0,0.296,8.1,B,1
21202.9,622.0,0.435,1.3,B,0
24270.32,536.0,0.246,1.3,B,0
34020.95,616.0,0.728,5.4,A,1
14532.17,660.0,0.483,3.5,A,0
15612.1,618.0,0.546,0.5,A,0
32288.59,628.0,0.469,2.5,B,1
28727.38,648.0,0.628,5.2,A,0
6076.91,598.0,0.232,3.1,B,0
41313.24,705.0,0.0,3.5,B,0
31224.42,765.0,0.283,1.3,B,1
21760.39,613.0,0.434,2.5,B,1
19198.04,689.0,0.373,5.4,A,1
45029.69,631.0,0.391,2.4,A,1
33363.46,679.0,0.548,7.6,B,1
63591.23,775.0,0.407,3.5,A,0
40042.26,691.0,0.47,4.7,A,1
31231.63,508.0,0.209,5.3,B,1
28626.51,686.0,0.186,5.2,B,1
44801.31,749.0,0.592,1.5,A,1
42501.02,632.0,0.365,1.8,A,1
50020.7,730.0,0.257,0.5,A,1
24858.29,595.0,0.257,2.7,B,0
21460.82,531.0,0.253,1.7,B,0
29250.76,661.0,0.244,2.3,A,1
44489.62,509.0,0.158,2.9,A,0
44834.44,631.0,0.125,3.9,B,1
22386.94,753.0,0.321,3.1,B,1
29902.72,497.0,0.261,3.1,A,0
30816.44,548.0,0.516,4.4,B,0
32050.86,567.0,0.394,3.4,A,1
46424.64,645.0,0.39,6.3,A,1
8000.0,621.0,0.239,3.4,A,1
25079.54,762.0,0.332,9.1,A,1
25611.0,726.0,0.404,1.5,A,1
8000.0,690.0,0.457,2.7,A,1
23436.34,662.0,0.336,2.0,A,0
24018.13,681.0,0.512,4.0,A,0
32586.74,581.0,0.351,1.5,A,1
40389.44,719.0,0.469,1.0,B,0
32059.27,561.0,0.277,1.7,A,0
22630.24,717.0,0.078,1.0,A,1
26032.08,745.0,0.39,3.0,B,0
47590.08,667.0,0.459,3.9,A,0
21038.55,636.0,0.436,0.8,B,0
19456.87,682.0,0.413,2.5,B,1
38763.99,421.0,0.298,6.8,B,0
32341.57,674.0,0.229,8.2,A,0
42769.82,641.0,0.433,5.7,A,0
26632.96,646.0,0.414,0.3,B,1
34259.46,707.0,0.266,3.6,B,1
22579.06,644.0,0.516,7.4,A,0
27394.0,559.0,0.218,2.4,B,1
32471.72,639.0,0.262,1.2,A,1
15410.6,655.0,0.595,7.0,B,0
13916.21,659.0,0.48,7.7,B,0
43228.99,663.0,0.296,3.4,A,1
23883.5,733.0,0.393,1.2,B,1
16054.03,563.0,0.373,0.7,B,0
25166.77,664.0,0.0,4.3,B,1
48536.23,753.0,0.214,2.1,A,1
6675.52,511.0,0.342,3.2,B,0
13688.04,664.0,0.297,3.0,B,1
23925.36,603.0,0.387,1.7,A,0
47171.27,620.0,0.519,0.7,B,0
38391.04,578.0,0.302,2.4,A,1
35327.41,636.0,0.191,3.7,B,1
16434.05,797.0,0.399,3.9,B,1
21565.57,549.0,0.301,2.0,A,0
29298.58,556.0,0.327,7.6,B,1
35699.29,546.0,0.306,1.3,A,0
41584.87,788.0,0.686,6.5,A,1
32747.95,613.0,0.014,3.6,A,1
38337.72,648.0,0.292,2.4,A,1
33115.37,618.0,0.349,4.7,B,1
44333.21,574.0,0.233,2.8,A,0
39628.88,631.0,0.485,0.9,B,1
12165.19,847.0,0.472,1.2,B,0
5797.18,761.0,0.343,2.7,B,1
47020.94,582.0,0.309,2.2,A,1
42854.44,702.0,0.333,6.4,B,0
22752.52,583.0,0.334,2.1,A,0
9935.28,508.0,0.338,2.0,B,1
36188.42,732.0,0.322,1.8,A,1
36657.81,743.0,0.388,1.7,B,1
56571.13,734.0,0.463,1.7,A,0
41195.57,612.0,0.165,1.1,A,1
21654.13,637.0,0.192,3.8,B,0
24282.43,710.0,0.088,3.0,A,1
29345.92,681.0,0.48,2.9,B,0
24798.99,619.0,0.388,0.8,B,0
22819.19,520.0,0.426,4.4,A,0
59585.07,659.0,0.136,4.7,A,1
56422.02,736.0,0.618,8.8,A,1
42332.11,554.0,0.259,4.5,B,1
17794.96,701.0,0.375,10.0,B,0
45260.23,677.0,0.478,1.9,A,1
34240.82,710.0,0.202,9.2,B,1
40310.55,720.0,0.268,4.6,A,1
38166.04,594.0,0.377,4.2,B,0
33349.85,521.0,0.779,2.9,B,0
35091.59,607.0,0.395,2.4,B,1
42642.88,721.0,0.591,2.0,A,0
39089.5,607.0,0.531,9.4,A,0
13596.67,594.0,0.405,2.8,A,0
36003.45,504.0,0.202,4.7,A,0
28325.7,790.0,0.509,5.4,A,1
13835.52,716.0,0.125,5.4,B,1
55181.8,712.0,0.59,3.8,A,1
55747.94,727.0,0.38,9.1,A,1
46210.18,696.0,0.0,4.4,B,1
38062.56,630.0,0.299,2.0,A,1
51207.5,637.0,0.448,2.5,A,1
29384.26,616.0,0.314,0.8,B,0
37433.57,850.0,0.457,4.1,A,1
21878.34,694.0,0.222,5.0,A,1
39763.9,613.0,0.154,5.3,A,1
35724.63,687.0,0.339,4.6,A,1
19368.17,569.0,0.355,2.9,A,0
34385.63,770.0,0.298,3.3,A,1
34043.25,597.0,0.534,3.3,A,1
44224.11,690.0,0.222,6.4,B,1
45730.56,735.0,0.397,0.5,A,1
35137.35,681.0,0.36,2.3,A,0
37985.45,658.0,0.116,1.4,A,1
28288.26,651.0,0.152,11.5,B,0
32565.03,645.0,0.352,7.3,A,1
17011.63,604.0,0.647,2.4,B,0
33187.38,614.0,0.437,1.0,A,1
19812.39,768.0,0.091,1.2,B,1
19996.21,641.0,0.0,6.3,A,1
41134.66,587.0,0.46,0.8,A,1
39695.18,609.0,0.336,3.3,A,0
13559.51,738.0,0.521,5.7,A,1
26108.29,704.0,0.218,1.1,B,1
34134.48,695.0,0.403,3.3,B,0
34480.99,629.0,0.477,2.4,B,0
47310.04,696.0,0.283,2.2,A,1
30994.88,599.0,0.286,1.9,B,1
24859.46,629.0,0.354,6.0,A,1
16854.57,728.0,0.431,8.3,B,0
31326.82,720.0,0.348,2.7,B,1
39551.36,571.0,0.496,4.3,A,1
37048.78,582.0,0.281,3.3,B,1
48199.76,659.0,0.151,0.6,A,0
33413.26,788.0,0.647,2.6,A,0
20069.53,497.0,0.259,0.5,A,1
23424.72,672.0,0.265,2.2,B,0
37606.77,540.0,0.34,3.2,A,1
32575.0,599.0,0.36,5.4,A,1
21650.99,621.0,0.292,4.0,B,0
38034.62,616.0,0.347,6.1,A,0
23743.73,607.0,0.344,1.6,B,1
27463.21,651.0,0.376,7.6,A,0
38737.43,607.0,0.0,8.3,A,1
23154.57,533.0,0.632,0.5,B,0
37929.25,712.0,0.328,0.7,A,1
28453.04,710.0,0.437,3.2,B,0
15396.56,717.0,0.143,2.1,B,0
23212.41,527.0,0.279,2.4,B,0
52253.32,674.0,0.249,4.0,A,1
15390.94,704.0,0.57,6.2,B,1
9600.15,568.0,0.262,1.6,A,0
12657.86,651.0,0.464,6.9,A,1
35349.32,641.0,0.252,1.8,A,1
35371.01,797.0,0.282,12.5,A,1
33588.67,804.0,0.313,7.6,A,1
49570.28,517.0,0.543,2.0,A,1
8000.0,850.0,0.067,1.0,A,1
33109.45,577.0,0.153,2.0,B,0
53737.26,728.0,0.058,1.7,A,1
21466.63,728.0,0.187,4.9,A,1
30442.32,570.0,0.228,0.5,A,1
25965.3,689.0,0.108,0.7,A,0
18762.03,641.0,0.24,4.8,B,0
24872.79,694.0,0.048,1.7,B,1
52129.82,668.0,0.197,2.3,A,0
45001.28,746.0,0.53,5.6,B,0
30968.73,656.0,0.411,6.4,A,0
47708.07,637.0,0.378,7.4,B,1
35426.92,738.0,0.2,5.3,A,1
56044.29,696.0,0.12,2.8,A,1
33880.42,709.0,0.179,2.6,A,1
36572.69,597.0,0.344,2.4,A,1
31827.11,566.0,0.48,1.1,B,1
73146.24,605.0,0.485,1.5,A,1
45215.43,600.0,0.445,6.8,A,1
26512.83,713.0,0.239,1.8,A,1
36618.59,728.0,0.354,1.1,B,0
26112.08,638.0,0.302,7.1,B,0
23477.39,764.0,0.32,3.8,B,1
37887.67,759.0,0.656,9.5,B,1
29012.3,669.0,0.086,8.8,B,1
38342.91,584.0,0.315,1.2,A,1
35167.82,776.0,0.532,3.0,A,0
39039.0,645.0,0.13,1.4,A,1
40099.59,660.0,0.253,1.4,A,0
9375.87,623.0,0.271,2.3,B,0
42998.87,579.0,0.317,5.0,A,1
23215.77,533.0,0.111,5.0,A,0
12271.41,701.0,0.439,4.6,B,0
34299.07,587.0,0.45,2.8,A,1
36007.77,850.0,0.426,5.2,A,1
26677.93,563.0,0.219,1.1,A,1
40258.06,549.0,0.363,3.8,B,0
18893.9,691.0,0.215,3.3,A,1
30116.68,772.0,0.3,2.7,A,1
27981.51,655.0,0.673,3.9,A,1
27560.8,696.0,0.364,1.4,B,0
38346.37,503.0,0.172,4.7,A,0
22905.28,596.0,0.377,3.2,A,0
35552.21,564.0,0.147,0.8,B,1
26551.23,498.0,0.17,3.2,B,1
12296.64,659.0,0.194,2.1,A,0
11496.9,471.0,0.283,6.9,A,0
34852.17,544.0,0.491,1.2,A,1
28517.89,607.0,0.437,1.3,B,1
33758.96,583.0,0.428,4.3,A,1
27206.07,682.0,0.185,2.9,B,0
33085.21,674.0,0.269,2.8,B,1
46371.8,722.0,0.391,12.5,A,1
21666.74,710.0,0.256,5.1,A,0
17233.71,741.0,0.308,2.5,B,0
16560.18,650.0,0.416,0.7,B,1
29550.51,674.0,0.298,2.4,B,1
49939.37,691.0,0.384,1.1,A,1
25971.76,661.0,0.589,1.5,B,0
7165.75,618.0,0.324,1.6,B,0
11725.19,623.0,0.527,6.5,B,1
25003.56,585.0,0.434,0.9,A,0
28307.25,684.0,0.13,6.1,A,1
30099.34,642.0,0.185,4.5,A,1
27394.75,597.0,0.225,4.4,B,0
24855.58,597.0,0.222,1.5,B,1
47592.08,553.0,0.336,5.5,A,1
26887.79,728.0,0.442,1.3,A,0
24652.18,656.0,0.538,8.4,A,1
32219.37,581.0,0.396,6.6,B,0
12994.7,715.0,0.283,9.3,B,1
39676.3,605.0,0.038,3.3,A,1
36230.64,537.0,0.361,2.9,A,0
23642.41,732.0,0.354,2.3,B,1
54059.31,607.0,0.377,12.4,A,1
27533.51,617.0,0.666,5.0,A,1
59723.58,653.0,0.536,1.1,A,1
32294.82,741.0,0.468,7.7,A,1
19675.8,652.0,0.206,2.8,A,1
27032.74,554.0,0.273,0.2,B,0
22085.06,694.0,0.336,1.7,A,1
20462.22,611.0,0.234,6.6,B,0
33201.69,801.0,0.425,4.5,B,0
41666.99,650.0,0.404,5.1,A,1
27533.99,471.0,0.187,7.7,A,0
46848.86,679.0,0.53,0.6,A,0
48890.09,806.0,0.365,1.8,A,0
44836.8,776.0,0.091,3.4,B,1
41352.96,796.0,0.342,6.8,A,1
38959.63,568.0,0.392,1.3,B,1
12430.42,723.0,0.496,2.5,A,0
31185.12,592.0,0.299,3.2,A,1
24595.94,668.0,0.474,1.7,A,0
36430.71,548.0,0.378,3.2,A,1
21694.29,598.0,0.153,2.9,B,1
25638.24,596.0,0.138,2.1,B,1
57586.1,722.0,0.518,5.5,A,0
23682.8,714.0,0.529,4.9,B,1
34350.45,672.0,0.398,5.7,B,0
32212.77,542.0,0.574,6.1,A,0
35908.56,625.0,0.508,0.8,A,1
35072.2,590.0,0.453,0.9,A,1
40379.89,720.0,0.213,5.2,A,1
36257.41,744.0,0.61,2.2,B,0
54768.73,735.0,0.43,2.0,A,1
38715.44,590.0,0.292,1.8,A,1
34864.26,431.0,0.25,5.8,B,1
21189.63,509.0,0.389,11.9,A,1
28641.9,764.0,0.099,6.0,B,1
46283.47,618.0,0.455,2.2,A,1
45391.62,590.0,0.207,5.6,A,0
37539.32,781.0,0.406,0.9,A,1
45636.73,751.0,0.272,2.7,A,0
40889.2,652.0,0.31,0.6,A,0
37891.51,627.0,0.236,2.2,B,0
24972.78,639.0,0.326,3.6,B,0
26370.54,668.0,0.633,13.3,B,1
39030.1,778.0,0.558,7.1,A,1
5806.28,684.0,0.403,0.6,B,0
39594.63,708.0,0.346,0.7,A,1
6221.08,744.0,0.477,1.7,B,0
11154.8,556.0,0.519,10.1,B,1
40421.22,710.0,0.226,0.6,A,1
40730.35,626.0,0.338,1.8,A,0
15998.84,449.0,0.077,1.8,B,0
19712.99,480.0,0.518,4.3,B,1
51446.49,569.0,0.66,5.7,A,1
23092.22,692.0,0.362,4.9,B,1
61915.04,659.0,0.031,3.9,A,1
34976.96,665.0,0.441,0.8,A,1
30585.43,806.0,0.214,3.4,B,1
42248.56,548.0,0.25,7.8,B,0
36572.33,648.0,0.444,9.6,A,0
22971.87,674.0,0.388,4.2,A,0
33683.27,591.0,0.277,0.6,A,1
34572.67,652.0,0.253,4.3,A,0
18623.1,522.0,0.369,2.8,A,0
31930.02,763.0,0.289,0.7,A,0
21415.81,595.0,0.184,1.2,B,1
46092.29,813.0,0.3,1.5,A,1
35415.34,647.0,0.401,5.2,A,1
31606.45,732.0,0.323,9.4,A,0
33725.82,646.0,0.138,4.7,A,1
37677.46,648.0,0.498,5.3,A,0
42401.77,603.0,0.0,3.0,A,1
23003.45,660.0,0.283,2.0,A,0
22500.95,675.0,0.257,4.8,A,1
48256.15,587.0,0.372,3.9,A,1
22676.09,640.0,0.434,1.6,B,0
17997.89,601.0,0.519,3.7,A,0
40325.75,834.0,0.243,3.2,A,1
40560.44,643.0,0.438,2.5,A,1
16631.42,774.0,0.379,1.9,A,0
37753.78,634.0,0.093,4.2,A,0
35190.27,671.0,0.635,2.0,B,0
39492.64,544.0,0.134,11.9,A,0
42583.78,614.0,0.413,4.6,A,1
18148.77,667.0,0.408,4.3,A,0
38972.48,777.0,0.391,2.8,A,1
24333.18,668.0,0.276,2.3,B,0
29206.52,761.0,0.474,0.5,A,0
45446.67,701.0,0.116,1.7,A,1
52751.29,780.0,0.34,0.6,A,1
56532.44,645.0,0.265,0.6,A,1
50777.69,841.0,0.248,1.1,A,1
33683.19,611.0,0.414,7.3,A,1
39232.64,589.0,0.512,7.3,A,0
44201.87,553.0,0.299,1.7,A,0
28793.71,836.0,0.467,0.8,B,1
36569.17,716.0,0.357,2.2,A,1
44885.04,623.0,0.216,5.2,A,1
27645.29,750.0,0.311,6.3,B,1
26248.56,705.0,0.305,3.7,A,0
23175.32,807.0,0.246,4.2,B,1
35971.7,526.0,0.414,3.9,B,0
35035.92,629.0,0.385,0.6,A,0
39082.52,613.0,0.111,0.9,A,1
34721.5,492.0,0.102,9.6,B,0
30501.9,735.0,0.414,3.7,A,0
44074.98,628.0,0.228,0.3,A,1
39546.11,709.0,0.395,4.4,A,1
20182.24,839.0,0.467,1.4,A,1
38368.93,622.0,0.159,6.7,B,1
23880.79,616.0,0.138,6.2,B,1
11165.8,659.0,0.601,5.0,B,1
17487.04,729.0,0.403,3.6,B,0
18243.19,605.0,0.287,7.8,B,0
35626.08,600.0,0.21,8.3,A,1
25501.94,735.0,0.273,1.4,B,0
24869.44,680.0,0.171,4.9,B,1
32208.86,486.0,0.483,2.0,B,0
32372.58,552.0,0.233,1.2,B,0
38792.57,770.0,0.514,8.3,A,1
39917.94,682.0,0.29,5.5,A,1
33682.83,589.0,0.193,3.9,B,0
9704.56,636.0,0.286,1.6,A,1
30626.74,651.0,0.0,8.5,A,1
8837.48,709.0,0.332,1.4,A,0
35432.72,541.0,0.324,1.1,A,0
34944.4,583.0,0.474,3.2,A,1
47546.39,672.0,0.067,5.2,A,1
49251.61,642.0,0.524,2.4,A,0
37433.3,696.0,0.473,3.6,A,0
28995.67,552.0,0.538,1.9,A,0
40821.93,679.0,0.342,2.1,A,1
26365.92,737.0,0.502,10.4,B,0
34983.29,689.0,0.129,2.9,A,1
46833.64,661.0,0.457,8.1,A,1
28306.74,642.0,0.234,0.6,A,1
44668.14,583.0,0.102,6.7,A,1
38380.34,644.0,0.181,1.6,B,1
23542.5,751.0,0.351,5.6,A,1
46686.73,640.0,0.226,1.6,A,0
33236.61,579.0,0.406,2.3,B,0
36223.11,611.0,0.079,1.2,A,1
19669.03,666.0,0.031,5.7,B,1
21594.33,620.0,0.556,6.3,B,0
22490.49,689.0,0.486,1.7,B,1
32977.49,692.0,0.193,0.7,B,1
23532.5,721.0,0.35,8.0,A,1
40250.15,764.0,0.503,1.9,A,1
20098.93,730.0,0.413,2.8,A,0
32551.18,575.0,0.372,1.4,A,1
36315.77,578.0,0.514,5.3,A,1
64341.56,644.0,0.24,5.4,A,1
18472.21,614.0,0.355,8.9,A,1
52664.17,559.0,0.347,6.9,A,1
29845.5,615.0,0.309,6.6,B,1
39934.06,612.0,0.292,3.0,A,1
36420.17,596.0,0.361,2.7,A,0
40336.72,625.0,0.355,5.3,A,1
27654.55,744.0,0.193,2.9,B,1
52448.6,666.0,0.47,7.0,A,0
22903.93,848.0,0.204,1.3,B,1
48586.81,664.0,0.317,0.6,A,1
27267.59,627.0,0.306,4.8,A,1
30627.58,650.0,0.404,2.1,B,1
22136.45,671.0,0.032,1.2,A,0
40460.28,685.0,0.484,12.8,A,1
52341.51,816.0,0.248,3.3,A,1
34071.73,582.0,0.533,0.9,A,1
32637.37,719.0,0.278,1.9,A,0
21624.6,667.0,0.343,2.6,A,1
32248.49,524.0,0.637,4.7,A,1
12239.92,712.0,0.308,1.9,B,1
24045.46,751.0,0.536,2.9,A,0
37721.43,581.0,0.356,4.0,A,1
39918.13,649.0,0.412,4.5,B,0
68710.53,512.0,0.36,3.0,A,1
22603.9,549.0,0.477,10.2,B,0
52223.6,734.0,0.247,5.3,A,1
29829.67,613.0,0.202,5.1,B,0
26974.52,561.0,0.254,5.0,B,0
40191.13,668.0,0.365,7.1,A,0
25888.79,608.0,0.317,3.8,B,0
26085.26,612.0,0.457,1.3,B,0
22882.76,709.0,0.546,4.4,B,0
18222.68,557.0,0.204,4.8,A,1
16476.5,578.0,0.24,7.8,A,1
42838.94,662.0,0.135,1.2,A,1
26177.97,728.0,0.655,1.5,B,0
27846.93,749.0,0.396,3.3,A,0
35102.07,597.0,0.422,5.1,A,1
36442.07,725.0,0.149,1.0,B,0
37164.37,587.0,0.35,1.2,A,1
27127.34,796.0,0.426,6.0,A,1
49715.52,559.0,0.312,1.0,A,0
40072.59,756.0,0.511,1.5,B,0
40934.68,597.0,0.697,6.3,A,0
46683.96,811.0,0.208,5.1,A,1
49903.52,697.0,0.197,1.9,A,1
48561.19,569.0,0.218,4.6,A,1
42369.19,608.0,0.591,4.0,A,1
42180.16,712.0,0.506,2.9,A,0
34117.65,734.0,0.33,2.3,B,0
21831.95,644.0,0.355,4.5,A,1
43408.68,654.0,0.228,1.1,A,1
18730.23,711.0,0.484,4.5,A,1
25464.81,661.0,0.293,3.7,A,0
42253.83,547.0,0.311,3.9,B,1
45082.64,585.0,0.441,1.4,A,0
44569.59,669.0,0.322,8.0,B,1
27609.63,747.0,0.315,1.9,B,0
15303.78,779.0,0.352,2.1,B,0
26581.21,712.0,0.469,2.8,B,1
36224.38,673.0,0.597,5.0,A,0
30589.91,710.0,0.438,3.9,B,1
33788.69,597.0,0.47,0.7,B,0
30664.75,638.0,0.32,3.2,A,1
39224.41,584.0,0.244,3.4,A,0
23136.47,550.0,0.448,8.1,A,1
33158.04,677.0,0.376,2.5,B,0
35037.3,665.0,0.137,4.7,A,1
20410.68,705.0,0.301,16.7,B,1
32170.05,694.0,0.338,7.2,A,1
32789.89,669.0,0.273,1.4,A,1
31758.14,695.0,0.572,5.5,A,0
56256.09,647.0,0.422,4.5,A,1
33818.65,683.0,0.556,2.5,A,1
25631.25,592.0,0.39,5.6,B,0
9830.59,680.0,0.362,1.4,A,1
20162.21,703.0,0.21,1.9,B,0
26583.43,596.0,0.352,2.9,B,1
21530.74,654.0,0.352,2.4,B,0
51580.49,600.0,0.145,5.2,A,1
25797.58,608.0,0.269,3.1,B,1
36725.69,560.0,0.302,2.2,B,1
29444.87,751.0,0.412,7.1,B,0
35446.73,735.0,0.419,5.0,A,0
27990.71,693.0,0.263,0.9,B,1
35045.56,808.0,0.42,0.9,A,1
55625.54,635.0,0.323,2.2,A,1
6684.2,850.0,0.0,1.0,B,0
8627.03,632.0,0.277,6.3,B,0
28481.95,670.0,0.512,2.0,A,1
35174.33,618.0,0.098,4.7,A,1
32240.7,680.0,0.367,5.5,B,0
40677.05,717.0,0.588,0.5,A,0
30389.05,641.0,0.236,2.1,A,1
41845.67,792.0,0.35,2.8,B,1
37453.02,669.0,0.154,4.0,B,1
37208.69,672.0,0.594,6.1,A,1
46551.89,577.0,0.338,13.1,A,1
38271.74,683.0,0.357,9.6,A,1
28262.2,639.0,0.553,3.1,A,0
36134.88,601.0,0.449,3.1,B,1
31061.27,588.0,0.219,8.9,B,1
35016.08,850.0,0.253,3.3,A,1
52675.44,629.0,0.424,2.0,A,1
8000.0,533.0,0.256,6.4,A,1
17987.79,594.0,0.032,4.1,A,1
20755.15,646.0,0.342,0.8,A,1
30640.87,694.0,0.128,2.5,A,1
25884.59,694.0,0.592,1.0,B,0
16912.09,704.0,0.377,0.2,A,0
17628.94,598.0,0.214,10.5,B,1
24669.9,677.0,0.245,3.6,A,0
52058.6,580.0,0.067,2.6,B,1
45005.91,600.0,0.185,2.2,B,0
30059.01,577.0,0.502,3.3,A,0
30637.0,555.0,0.685,2.2,A,0
17275.16,735.0,0.459,1.4,B,0
12102.44,705.0,0.336,2.3,A,1
33597.44,728.0,0.285,8.3,A,1
23025.78,653.0,0.207,6.3,A,1
25469.55,712.0,0.659,2.3,B,1
15797.53,509.0,0.322,11.2,A,0
25856.31,719.0,0.667,3.1,A,1
36783.53,664.0,0.559,1.7,A,1
29541.55,700.0,0.089,4.3,B,0
40009.66,680.0,0.25,9.2,A,1
14799.91,571.0,0.25,8.1,B,0
34599.53,530.0,0.338,1.8,B,1
25397.46,593.0,0.341,1.1,A,0
42594.29,695.0,0.799,2.4,A,1
26984.56,705.0,0.188,4.8,B,0
14885.53,541.0,0.384,5.7,B,1
31205.63,572.0,0.442,7.3,A,1
39384.36,592.0,0.35,3.7,A,0
42355.58,621.0,0.367,3.8,A,1
33308.15,541.0,0.193,3.6,A,1
53381.35,536.0,0.366,6.7,A,1
47090.13,584.0,0.427,5.8,A,0
31920.15,657.0,0.399,1.7,A,0
33676.49,556.0,0.436,5.3,B,1
42991.03,641.0,0.562,6.4,B,1
41943.49,735.0,0.491,6.7,B,1
15438.36,546.0,0.361,4.1,B,0
19807.01,633.0,0.174,4.0,B,1
52819.03,732.0,0.26,3.2,A,1
16113.93,617.0,0.317,3.5,B,0
19129.51,604.0,0.388,10.1,A,0
29165.67,743.0,0.278,3.5,A,1
31342.44,626.0,0.21,1.8,B,1
26799.35,738.0,0.172,4.2,B,0
27193.24,684.0,0.102,5.7,A,1
23208.4,623.0,0.315,6.5,B,1
26451.96,688.0,0.13,1.4,A,1
24445.88,676.0,0.2,8.7,A,1
62379.59,732.0,0.291,5.5,A,1
38570.13,606.0,0.15,8.4,A,1
35476.76,653.0,0.407,0.9,B,1
29131.07,645.0,0.461,6.9,A,1
32768.52,706.0,0.268,1.3,A,0
23237.38,568.0,0.284,2.7,B,1
8000.0,731.0,0.431,5.6,A,1
18463.89,687.0,0.243,1.2,A,1
13272.58,545.0,0.233,2.1,A,1
8002.59,747.0,0.529,0.9,A,0
20655.69,829.0,0.483,5.5,A,1
36887.12,730.0,0.44,1.7,B,0
30109.77,764.0,0.489,3.4,B,1
50486.77,657.0,0.053,4.5,A,1
39931.79,517.0,0.553,4.2,A,0
44390.71,502.0,0.409,3.9,A,1
18588.98,670.0,0.502,3.9,B,0
41287.41,603.0,0.408,1.0,A,1
43744.57,577.0,0.357,2.8,A,1
20669.07,645.0,0.309,3.9,B,1
41714.48,699.0,0.405,3.6,A,0
41794.25,534.0,0.303,3.0,A,0
28405.37,614.0,0.48,1.9,A,0
21526.78,771.0,0.112,4.1,A,0
17236.18,564.0,0.269,4.7,B,0
36038.07,720.0,0.657,2.4,A,0
38924.12,611.0,0.256,6.6,A,0
25489.69,694.0,0.314,8.8,A,1
35319.02,738.0,0.218,3.4,A,1
41846.44,709.0,0.4,1.7,A,0
30959.91,723.0,0.24,1.2,B,1
53622.56,558.0,0.322,2.6,A,0
36940.48,739.0,0.477,3.2,B,0
17548.48,582.0,0.245,1.1,B,0
55203.03,671.0,0.468,2.6,A,1
22145.75,671.0,0.473,6.3,B,1
40750.57,689.0,0.508,0.4,B,0
29059.0,677.0,0.371,3.6,B,0
30054.21,582.0,0.836,2.1,A,0
13307.64,542.0,0.508,3.3,A,0
32941.23,720.0,0.399,9.2,A,1
13770.08,665.0,0.219,3.2,B,0
46607.59,742.0,0.335,2.9,A,1
53201.51,646.0,0.564,5.3,A,1
25437.07,538.0,0.606,4.1,A,0
38623.65,727.0,0.572,3.6,A,1
19655.24,620.0,0.468,4.2,B,0
22995.03,677.0,0.162,7.5,B,0
33462.13,598.0,0.423,6.1,B,1
34537.54,782.0,0.164,2.7,A,1
55875.78,580.0,0.127,8.8,A,1
21717.21,623.0,0.386,2.2,B,0
46992.04,659.0,0.428,3.6,A,1
27946.92,563.0,0.486,3.9,B,0
44549.34,676.0,0.425,2.6,A,1
29634.11,779.0,0.43,8.2,A,1
34405.29,611.0,0.202,2.5,A,1
24547.88,682.0,0.334,3.0,B,1
24967.31,430.0,0.124,6.7,A,1
34970.6,647.0,0.049,2.3,B,1
42802.99,625.0,0.461,1.1,A,1
42122.66,585.0,0.237,3.7,A,0
41101.01,737.0,0.481,1.4,B,1
52392.14,624.0,0.516,1.3,A,1
30500.66,636.0,0.257,0.4,A,1
33899.7,620.0,0.439,0.5,B,1
21616.63,497.0,0.251,0.5,B,0
35280.26,559.0,0.073,9.6,A,0
18265.96,727.0,0.368,0.5,B,0
54440.84,481.0,0.279,1.4,A,1
39364.38,589.0,0.284,3.0,A,1
32383.65,618.0,0.646,5.1,A,1
49323.42,789.0,0.121,5.5,A,1
8952.62,711.0,0.407,1.7,A,1
10830.77,605.0,0.201,3.5,A,0
35441.04,754.0,0.486,3.0,B,0
35725.62,591.0,0.395,3.4,A,0
38005.36,731.0,0.407,3.7,A,1
16189.04,541.0,0.208,4.5,B,0
28418.56,736.0,0.235,2.1,B,0
59042.11,618.0,0.489,2.5,A,1
31221.98,568.0,0.616,12.8,B,0
27343.39,633.0,0.422,2.2,B,0
29731.35,672.0,0.215,3.6,A,1
30265.13,610.0,0.401,3.0,A,1
9449.63,694.0,0.714,3.5,A,1
30160.55,603.0,0.365,6.8,B,0
45145.8,700.0,0.569,2.9,A,1
16092.57,685.0,0.239,1.2,A,1
22818.93,645.0,0.344,2.1,B,1
21110.42,615.0,0.443,2.9,A,0
23415.79,662.0,0.41,3.8,A,0
27195.74,694.0,0.235,1.7,B,1
9041.03,815.0,0.229,1.9,B,0
35482.46,725.0,0.498,3.9,B,1
44046.26,728.0,0.529,4.0,A,0
31986.77,850.0,0.577,6.2,A,1
8000.0,691.0,0.621,2.0,A,0
23042.98,689.0,0.37,4.8,A,0
49794.82,706.0,0.303,3.0,A,0
6726.38,569.0,0.553,2.3,B,0
25583.02,614.0,0.457,3.1,B,1
20839.99,610.0,0.203,3.4,A,0
44654.84,702.0,0.195,1.1,A,1
26898.63,636.0,0.424,1.2,A,0
39847.45,661.0,0.323,5.3,A,1
29508.83,737.0,0.346,2.5,B,0
57034.71,719.0,0.511,3.8,A,1
25894.14,637.0,0.464,5.2,B,0
39512.53,596.0,0.549,3.1,A,0
17179.33,741.0,0.06,4.9,A,0
38659.5,712.0,0.388,3.4,B,1
25873.89,521.0,0.454,3.5,A,0
28270.95,625.0,0.121,7.2,A,0
29585.67,663.0,0.252,2.8,B,1
16245.39,712.0,0.224,5.3,A,1
37745.24,723.0,0.353,0.9,A,1
46609.6,673.0,0.594,3.7,A,1
38515.21,697.0,0.653,8.4,A,1
15933.23,655.0,0.228,13.4,A,1
33514.29,596.0,0.429,1.0,A,0
35283.22,629.0,0.434,2.5,B,1
10635.13,652.0,0.408,1.4,B,1
22102.81,647.0,0.41,2.9,A,0
45518.52,499.0,0.396,5.9,A,1
38241.15,618.0,0.603,7.3,A,0
39943.66,654.0,0.515,7.5,A,0
57313.94,627.0,0.191,0.9,A,1
28825.43,630.0,0.469,3.4,B,0
42894.66,689.0,0.484,2.0,A,1
67528.95,564.0,0.397,2.8,A,0
25154.16,520.0,0.52,2.2,B,1
20064.97,622.0,0.378,0.9,B,0
40133.56,711.0,0.38,7.4,A,0
40267.89,785.0,0.368,1.8,A,1
21138.36,713.0,0.047,2.0,B,0
22611.24,533.0,0.338,8.4,A,1
53933.66,631.0,0.25,0.8,B,1
31088.27,671.0,0.172,4.4,B,1
26212.58,664.0,0.565,6.5,A,0
45991.16,693.0,0.426,8.0,A,1
33690.26,577.0,0.346,4.2,A,0
31965.42,655.0,0.265,5.4,A,1
41747.27,684.0,0.394,6.5,A,1
13925.71,716.0,0.499,3.0,B,0
28562.32,586.0,0.226,1.6,B,0
43578.99,622.0,0.349,8.8,B,1
31990.51,434.0,0.48,5.0,B,1
22545.91,600.0,0.06,3.4,B,0
28914.74,608.0,0.341,1.0,A,0
30075.92,568.0,0.286,0.3,A,0
29111.86,663.0,0.33,4.4,B,1
30466.32,646.0,0.275,0.3,A,1
45995.74,469.0,0.371,3.3,A,0
14201.49,667.0,0.639,1.8,A,1
45344.0,576.0,0.301,2.2,A,0
30443.76,689.0,0.394,7.6,A,1
33139.55,547.0,0.649,1.9,B,1
21476.15,652.0,0.267,3.5,A,1
50943.57,627.0,0.622,1.9,A,1
49947.62,674.0,0.351,4.1,A,0
46515.09,660.0,0.617,3.7,A,1
16822.94,630.0,0.463,3.3,A,1
44949.45,527.0,0.396,6.5,A,1
39858.26,532.0,0.34,0.8,A,1
13559.74,603.0,0.256,0.6,B,0
34708.43,649.0,0.361,1.2,A,1
33065.87,601.0,0.485,3.7,B,0
35556.09,700.0,0.348,4.6,B,0
37127.14,628.0,0.303,0.1,A,1
38494.78,573.0,0.312,4.6,A,1
52683.34,628.0,0.499,2.5,A,1
34319.53,668.0,0.534,9.0,B,0
6552.51,676.0,0.25,4.3,B,1
23829.94,800.0,0.25,8.3,B,1
28343.0,596.0,0.407,7.3,B,1
13974.82,644.0,0.579,2.5,A,1
27824.01,684.0,0.522,5.9,B,1
49985.09,648.0,0.162,2.5,A,1
18600.52,610.0,0.31,9.7,B,0
39036.81,526.0,0.21,2.7,A,1
19025.56,609.0,0.31,4.8,B,0
26937.06,564.0,0.591,10.9,A,1
52728.72,512.0,0.137,4.9,A,1
28489.31,586.0,0.107,2.3,A,1
32511.69,566.0,0.226,1.0,B,1
12545.38,697.0,0.393,0.8,A,0
57347.81,698.0,0.443,4.5,A,1
42231.83,578.0,0.416,3.1,A,0
32810.0,629.0,0.526,1.2,A,1
31444.5,501.0,0.086,5.5,B,0
12864.03,610.0,0.528,5.4,B,1
35297.92,682.0,0.303,3.0,B,0
25552.99,716.0,0.46,8.6,B,1
32551.17,593.0,0.151,0.6,A,0
29100.13,734.0,0.351,2.4,A,1
28032.18,529.0,0.385,4.9,A,1
33247.74,550.0,0.523,1.3,B,0
38070.88,707.0,0.112,5.9,A,1
34145.26,784.0,0.355,7.1,B,0
34894.46,689.0,0.187,0.2,A,1
41158.4,647.0,0.426,8.8,A,1
29973.82,474.0,0.467,4.7,A,1
43685.98,488.0,0.543,2.2,B,0
12335.56,660.0,0.27,0.9,B,1
50131.25,621.0,0.489,6.4,A,0
39135.76,562.0,0.554,1.1,B,1
18512.91,655.0,0.104,4.7,B,0
61751.28,659.0,0.442,1.2,A,0
43261.34,726.0,0.494,3.3,B,0
46653.67,661.0,0.311,6.2,A,1
35336.27,748.0,0.168,2.2,A,1
32393.29,651.0,0.491,8.7,A,0
32487.09,641.0,0.17,5.0,A,1
39686.37,735.0,0.323,1.3,A,1
51814.24,572.0,0.344,0.9,A,1
37175.77,850.0,0.457,1.7,A,1
18735.99,680.0,0.256,3.2,B,1
35235.68,680.0,0.247,9.3,B,1
46053.81,692.0,0.365,10.4,A,1
42855.91,800.0,0.501,2.1,A,1
43945.99,713.0,0.693,2.1,A,0
26121.09,522.0,0.124,5.6,B,0
18387.97,762.0,0.397,5.5,B,0
24581.68,623.0,0.187,7.8,A,1
12613.34,659.0,0.503,7.9,B,0
37843.38,548.0,0.209,1.6,A,1
27655.88,692.0,0.249,0.7,B,1
29720.15,598.0,0.262,5.0,A,1
8000.0,658.0,0.339,3.8,A,1
20032.19,627.0,0.398,0.4,A,1
48450.09,804.0,0.423,0.7,A,1
27024.49,809.0,0.349,4.8,A,1
39327.1,654.0,0.151,2.9,A,0
18311.77,655.0,0.459,4.9,A,1
47672.35,620.0,0.342,1.2,B,0
28139.63,738.0,0.524,5.2,B,0
38480.48,624.0,0.244,4.2,A,0
51688.0,616.0,0.11,5.5,B,1
53197.28,728.0,0.345,2.2,A,1
25085.97,607.0,0.544,1.8,B,0
27881.36,647.0,0.374,0.8,A,1
23710.23,523.0,0.32,2.6,B,0
35269.44,706.0,0.219,6.9,B,1
26777.54,805.0,0.614,8.2,B,0
21966.0,708.0,0.196,1.1,B,1
52606.18,767.0,0.241,3.2,A,1
25984.2,582.0,0.436,9.4,B,0
62595.07,669.0,0.072,10.2,A,1
36088.91,575.0,0.541,2.5,A,0
42255.72,632.0,0.444,7.3,B,1
39287.83,712.0,0.485,6.5,A,1
46555.53,658.0,0.434,6.1,A,1
23129.77,537.0,0.326,0.6,B,1
24754.89,545.0,0.191,2.0,A,0
40516.47,540.0,0.329,2.9,A,0
46862.64,689.0,0.204,2.8,A,1
27361.93,815.0,0.423,3.1,B,0
15777.84,759.0,0.471,11.0,B,0
18676.9,498.0,0.572,2.5,A,0
12993.74,764.0,0.406,4.4,B,1
13788.53,725.0,0.489,4.2,A,1
28250.4,526.0,0.305,3.2,B,0
38212.23,626.0,0.278,1.2,B,0
28504.9,738.0,0.421,3.5,B,1
8000.0,694.0,0.292,0.4,A,1
32710.87,545.0,0.39,4.7,A,0
33046.41,699.0,0.191,0.3,A,0
60151.99,479.0,0.218,4.4,A,0
17514.35,632.0,0.445,1.9,A,0
30311.87,741.0,0.483,1.4,A,1
55470.23,651.0,0.202,5.6,A,1
33503.25,610.0,0.451,2.3,B,1
41759.76,721.0,0.27,3.4,A,1
36375.01,728.0,0.352,0.6,A,1
33688.44,755.0,0.563,8.6,B,0
44331.31,720.0,0.471,3.6,A,1
25286.16,737.0,0.469,3.6,A,1
45536.7,709.0,0.636,4.7,A,1
18523.96,671.0,0.244,0.1,A,1
38940.42,657.0,0.202,9.2,A,1
30380.96,631.0,0.242,2.5,B,1
27604.48,553.0,0.312,8.8,A,1
34727.78,574.0,0.0,2.4,A,1
27529.52,627.0,0.319,2.0,A,0
22139.58,669.0,0.268,4.5,A,0
30756.62,765.0,0.468,12.4,A,0
17975.08,647.0,0.403,7.3,B,1
38873.57,730.0,0.26,4.9,A,1
21198.97,736.0,0.438,4.5,A,1
43543.72,631.0,0.458,3.5,A,0
16295.84,698.0,0.235,8.5,B,1
24006.21,631.0,0.276,5.7,B,1
27504.76,756.0,0.016,0.8,A,0
41137.89,701.0,0.186,1.4,B,0
38963.48,555.0,0.239,5.0,A,1
28699.7,663.0,0.361,1.2,B,1
40984.63,782.0,0.208,3.6,A,1
7614.24,636.0,0.273,6.1,B,0
25452.6,686.0,0.166,4.5,B,0
49318.91,694.0,0.376,1.0,B,0
36588.16,567.0,0.414,1.4,A,1
27810.25,691.0,0.41,4.6,B,0
32187.38,538.0,0.352,11.5,B,1
45747.26,600.0,0.119,3.0,A,1
11030.4,736.0,0.257,6.2,A,0
14812.08,679.0,0.289,4.6,A,0
37523.5,626.0,0.29,1.9,A,0
18345.02,686.0,0.361,6.3,B,0
50744.3,645.0,0.564,0.6,A,0
27407.02,651.0,0.472,5.9,B,1
9331.73,703.0,0.202,4.8,B,0
17112.51,592.0,0.452,2.1,B,0
6390.3,653.0,0.446,1.3,B,0
28326.41,625.0,0.229,2.2,B,0
32739.39,523.0,0.477,1.8,A,1
29906.45,576.0,0.326,2.7,A,1
38165.66,775.0,0.139,2.4,B,1
43722.94,681.0,0.418,2.1,B,1
32955.34,544.0,0.383,0.6,A,0
7265.16,527.0,0.316,1.1,B,0
34623.29,641.0,0.344,7.0,B,1
41664.32,775.0,0.242,2.1,A,0
30804.44,635.0,0.442,2.7,B,1
43565.04,755.0,0.343,2.3,B,1
21022.06,678.0,0.375,8.7,A,0
59105.06,688.0,0.404,1.7,A,1
23486.87,543.0,0.177,1.6,A,0
33653.25,725.0,0.216,4.8,B,1
14751.83,623.0,0.019,3.8,A,0
20282.87,719.0,0.435,4.9,B,1
42942.25,585.0,0.168,4.7,B,0
26034.07,664.0,0.37,6.4,B,1
45079.07,678.0,0.406,1.0,A,1
37843.46,638.0,0.44,4.5,A,1
33740.5,682.0,0.169,1.6,A,1
51366.2,629.0,0.34,0.4,A,1
32160.09,598.0,0.601,4.7,A,0
13631.14,778.0,0.607,4.5,A,1
25361.12,734.0,0.498,3.2,A,1
41614.3,589.0,0.401,6.4,A,1
39746.11,695.0,0.199,1.6,A,1
16195.3,591.0,0.458,5.3,A,0
22245.78,555.0,0.326,2.9,B,0
28019.34,733.0,0.434,3.1,A,1
27608.49,514.0,0.255,0.5,B,0
14391.07,724.0,0.324,6.5,B,1
27459.55,630.0,0.375,4.4,A,0
22183.5,633.0,0.387,5.1,B,0
31047.29,683.0,0.424,1.4,B,0
35237.7,696.0,0.263,4.0,B,1
33250.27,584.0,0.149,2.9,A,1
30295.52,707.0,0.594,4.5,A,0
36679.09,659.0,0.723,3.9,A,1
20063.53,550.0,0.417,9.8,B,0
21238.02,636.0,0.151,7.9,A,0
23717.35,761.0,0.234,2.6,A,0
27382.24,784.0,0.426,4.7,A,1
21038.31,707.0,0.551,2.5,A,0
36944.71,555.0,0.168,6.3,A,0
43756.59,689.0,0.331,3.0,A,1
12901.61,718.0,0.379,2.2,B,0
35301.54,708.0,0.48,4.0,A,1
32360.77,713.0,0.298,7.5,A,1
39098.1,679.0,0.115,6.7,A,0
34844.73,644.0,0.443,2.3,A,1
13950.31,601.0,0.519,9.3,B,1
19851.33,498.0,0.338,1.5,A,1
28903.17,677.0,0.411,2.0,B,0
36530.49,665.0,0.279,6.1,B,1
6358.36,695.0,0.223,0.4,B,1
32518.19,543.0,0.504,3.4,B,0
49275.46,702.0,0.408,2.6,A,0
33163.69,814.0,0.424,9.6,A,0
41602.43,656.0,0.575,1.3,A,0
18720.39,645.0,0.192,1.4,B,0
33567.61,675.0,0.267,10.5,A,0
15549.04,813.0,0.374,2.6,A,1
8000.0,568.0,0.265,7.3,A,0
35247.33,666.0,0.467,2.3,B,0
17598.19,586.0,0.322,1.9,B,0
29533.67,606.0,0.201,7.5,A,0
18362.69,646.0,0.36,12.2,A,0
18080.36,758.0,0.376,7.9,A,1
29599.88,794.0,0.49,2.2,B,1
26245.07,686.0,0.409,3.2,A,1
39535.65,620.0,0.419,1.5,A,1
31532.16,849.0,0.398,1.7,B,0
38850.2,616.0,0.322,1.6,A,1
32628.54,604.0,0.243,2.4,B,1
53933.22,508.0,0.393,3.7,A,1
16905.41,762.0,0.3,3.3,B,1
34340.78,727.0,0.603,5.5,A,1
48592.28,843.0,0.551,3.8,A,1
42584.43,539.0,0.445,5.2,B,1
17938.84,767.0,0.407,5.8,A,0
24709.12,656.0,0.337,2.2,B,0
51297.45,714.0,0.161,2.9,A,1
41096.95,518.0,0.318,20.6,A,1
37343.16,767.0,0.365,2.1,A,0
32387.78,713.0,0.384,5.4,A,0
24153.03,647.0,0.42,1.0,B,0
38458.63,702.0,0.488,5.9,A,0
31971.51,589.0,0.246,1.8,A,0
34489.06,604.0,0.248,3.4,A,0
35943.18,613.0,0.568,0.9,A,1
26863.14,502.0,0.466,3.2,A,1
30397.64,719.0,0.291,3.2,B,1
69970.94,745.0,0.334,2.9,A,1
13676.16,594.0,0.335,4.6,A,0
38888.15,678.0,0.355,7.1,A,1
25877.72,629.0,0.421,1.4,A,1
41928.83,676.0,0.73,2.9,A,1
28794.9,600.0,0.378,0.5,B,0
37307.47,579.0,0.449,3.8,B,0
41372.4,734.0,0.097,1.3,B,1
37309.05,645.0,0.277,3.3,A,1
34747.01,812.0,0.534,3.9,B,1
6307.3,654.0,0.41,0.6,B,0
43214.38,576.0,0.0,4.3,B,0
32165.48,748.0,0.451,6.8,B,1
47934.12,700.0,0.638,5.0,A,1
17450.72,708.0,0.051,1.4,B,0
20041.65,745.0,0.578,3.2,B,0
27709.54,598.0,0.0,3.4,B,1
27039.22,640.0,0.491,3.0,B,1
34419.95,636.0,0.349,1.0,B,0
48014.18,547.0,0.0,1.7,A,0
11778.23,629.0,0.417,2.7,B,0
34917.3,757.0,0.523,3.8,B,0
26870.63,669.0,0.405,2.1,B,1
24934.52,542.0,0.438,0.5,B,0
17346.62,526.0,0.288,2.2,A,0
41036.58,783.0,0.071,9.8,A,1
8000.0,643.0,0.454,4.3,A,0
33445.82,598.0,0.612,3.8,B,0
12997.09,628.0,0.519,1.6,B,0
28192.71,532.0,0.052,2.3,B,0
28724.51,764.0,0.123,0.4,B,1
49034.46,619.0,0.223,1.5,A,0
32856.14,759.0,0.111,4.2,A,1
23176.65,654.0,0.357,3.8,B,1
22871.72,764.0,0.409,1.9,B,0
38890.22,671.0,0.135,2.9,B,1
35063.25,718.0,0.467,3.4,B,1
22803.29,708.0,0.44,2.0,B,1
32162.64,700.0,0.268,4.5,A,1
12113.14,678.0,0.324,3.7,B,0
39661.69,631.0,0.058,2.3,A,0
13882.21,803.0,0.3,1.0,A,1
44021.56,577.0,0.351,2.2,A,0
36543.46,650.0,0.375,2.1,A,1
63643.42,651.0,0.407,1.9,A,1
19459.69,682.0,0.387,0.7,B,1
33768.05,616.0,0.31,8.1,A,1
56579.45,675.0,0.393,7.8,A,1
49296.68,636.0,0.5,2.9,A,0
26645.46,523.0,0.336,3.8,A,0
26523.08,651.0,0.398,4.5,B,0
35023.99,562.0,0.322,2.9,A,1
38383.47,511.0,0.253,4.0,A,0
23132.85,661.0,0.428,4.9,B,1
28053.17,689.0,0.267,3.6,B,0
11886.51,692.0,0.408,5.6,B,0
29868.48,695.0,0.354,1.8,B,1
40400.25,495.0,0.304,3.2,A,0
28294.62,541.0,0.301,16.1,B,0
15619.39,808.0,0.274,6.5,A,1
46862.38,566.0,0.103,3.7,A,1
39374.3,699.0,0.407,1.4,A,0
20812.71,595.0,0.385,3.3,B,0
31632.79,656.0,0.477,6.2,A,1
16991.97,599.0,0.27,5.3,A,1
22695.08,695.0,0.634,0.5,A,0
23491.68,661.0,0.293,0.7,B,1
49741.05,614.0,0.219,0.7,A,1
27325.96,566.0,0.201,4.5,A,1
42682.56,671.0,0.09,0.7,A,0
24542.76,553.0,0.58,1.4,B,0
37975.37,684.0,0.556,2.8,A,0
25394.16,850.0,0.44,6.9,B,0
45476.68,758.0,0.216,4.7,A,1
28582.26,707.0,0.622,2.6,A,0
16129.66,643.0,0.297,5.7,A,1
18416.61,495.0,0.31,11.7,A,1
28617.47,544.0,0.566,3.3,A,0
20011.28,753.0,0.449,1.0,A,1
31890.0,587.0,0.68,1.4,B,0
29410.78,594.0,0.387,1.4,A,0
63495.28,637.0,0.29,1.7,A,1
14147.42,565.0,0.258,2.4,A,1
37443.6,552.0,0.073,3.9,A,1
21464.56,646.0,0.308,0.8,A,0
29079.18,579.0,0.522,1.0,A,1
36697.03,591.0,0.44,4.9,A,1
8000.0,588.0,0.353,2.1,A,0
34255.7,692.0,0.201,1.5,B,0
44144.63,631.0,0.384,2.6,B,1
24153.04,636.0,0.502,7.7,B,1
38117.69,698.0,0.415,5.4,A,1
40241.38,639.0,0.375,5.1,B,1
33032.56,628.0,0.23,9.6,A,1
28028.48,688.0,0.48,4.1,A,1
6520.95,703.0,0.0,10.1,B,1
42691.89,638.0,0.407,10.7,A,1
33641.98,656.0,0.736,0.9,A,1
17714.34,587.0,0.124,0.6,B,0
29981.45,581.0,0.314,1.3,B,0
27995.84,712.0,0.349,7.2,A,1
28658.89,686.0,0.281,2.7,A,0
42275.49,686.0,0.505,2.4,A,1
14647.69,672.0,0.421,5.8,B,1
47567.78,654.0,0.373,2.0,A,1
18227.77,706.0,0.47,3.7,A,1
27047.58,725.0,0.353,4.9,A,1
46395.52,723.0,0.827,1.4,B,1
36333.28,642.0,0.373,1.1,B,1
36171.25,761.0,0.379,3.3,A,0
19153.82,668.0,0.093,3.6,B,0
28648.73,701.0,0.268,5.5,A,1
28757.08,673.0,0.522,1.3,B,0
35450.28,670.0,0.15,1.7,A,1
33909.55,591.0,0.026,10.6,A,1
34630.01,706.0,0.355,6.4,A,1
27971.81,850.0,0.556,2.9,B,1
14226.07,620.0,0.356,7.1,B,1
28801.87,656.0,0.3,1.3,A,0
45975.49,614.0,0.071,2.6,A,1
18579.99,611.0,0.418,3.6,A,0
32725.33,774.0,0.449,2.4,A,1
25162.95,596.0,0.083,2.5,A,1
36336.21,612.0,0.52,5.3,A,1
25287.64,523.0,0.465,6.4,B,0
42683.97,589.0,0.52,2.2,B,1
32615.64,513.0,0.438,0.9,B,1
19258.36,701.0,0.448,0.7,A,0
43054.74,850.0,0.428,0.4,A,1
25704.18,621.0,0.48,9.5,A,1
28076.04,517.0,0.077,5.3,A,1
30979.93,722.0,0.125,4.5,B,1
25275.44,592.0,0.24,2.0,B,0
45714.27,754.0,0.331,2.0,A,1
25705.88,627.0,0.408,6.6,A,0
23959.86,599.0,0.399,0.6,B,0
27123.55,636.0,0.518,2.3,A,0
28212.34,711.0,0.522,7.2,A,0
29184.52,632.0,0.219,2.3,B,0
42545.56,610.0,0.386,5.1,A,0
55519.33,634.0,0.223,3.0,A,1
49660.94,548.0,0.322,0.1,B,1
18795.12,682.0,0.398,2.9,B,1
35845.03,507.0,0.0,3.3,A,1
20885.6,614.0,0.712,2.7,A,0
20191.07,711.0,0.435,1.1,B,1
24006.64,674.0,0.261,2.7,B,0
22314.14,697.0,0.639,0.4,A,0
22377.35,645.0,0.298,2.3,A,0
27436.11,744.0,0.37,5.4,B,1
20399.38,724.0,0.277,9.1,A,0
45105.52,686.0,0.598,8.1,A,0
23986.96,724.0,0.334,1.2,A,0
68714.83,710.0,0.372,0.8,A,1
23924.16,615.0,0.531,3.6,B,0
35864.21,542.0,0.438,3.2,A,1
19455.91,684.0,0.342,4.8,A,0
42643.26,694.0,0.517,1.8,B,0
48434.01,737.0,0.731,3.3,A,0
38562.99,575.0,0.398,3.1,A,0
18838.37,577.0,0.368,2.3,A,0
28715.96,687.0,0.376,0.6,B,0
19261.64,644.0,0.547,5.3,B,0
42702.84,499.0,0.26,3.6,B,0
44710.34,680.0,0.308,5.6,A,1
36145.27,502.0,0.119,6.6,A,1
8000.0,574.0,0.172,2.9,A,1
18204.52,758.0,0.272,5.4,B,0
43253.13,796.0,0.342,9.3,A,1
37782.52,553.0,0.615,11.3,B,0
39300.37,624.0,0.43,4.0,B,1
15895.84,653.0,0.213,4.2,A,1
38618.63,792.0,0.241,3.9,A,1
47186.18,611.0,0.556,4.7,A,0
15099.97,612.0,0.519,6.4,A,0
28852.45,774.0,0.354,3.8,B,1
38286.11,620.0,0.284,10.9,A,1
25977.75,708.0,0.519,9.9,B,1
12774.06,532.0,0.201,3.3,A,0
31091.62,636.0,0.409,3.3,A,0
29021.29,517.0,0.691,2.2,B,0
31729.17,566.0,0.381,4.9,B,1
28238.34,717.0,0.234,2.5,A,1
20486.11,646.0,0.412,2.1,B,0
27606.06,624.0,0.279,4.8,B,0
33263.83,590.0,0.141,1.2,B,1
24958.57,632.0,0.455,6.5,B,1
30084.21,674.0,0.518,5.0,A,1
36108.25,729.0,0.303,9.5,A,1
9144.61,440.0,0.293,4.0,B,1
40724.42,583.0,0.206,5.5,A,0
34993.24,663.0,0.328,6.0,A,1
35476.32,642.0,0.266,7.7,A,1
46528.81,682.0,0.198,3.7,A,1
11566.21,671.0,0.634,2.2,A,1
11313.99,626.0,0.42,4.1,A,1
38285.65,608.0,0.436,6.4,A,0
34914.6,630.0,0.483,7.1,A,0
27930.68,742.0,0.466,0.6,B,1
21890.03,591.0,0.288,17.8,B,1
42972.24,645.0,0.391,2.1,A,1
46191.67,665.0,0.31,5.6,A,1
40807.79,775.0,0.416,8.3,A,1
27637.07,626.0,0.401,3.1,B,1
8700.52,727.0,0.293,7.2,B,0
33996.14,749.0,0.151,0.6,B,0
43421.62,645.0,0.372,7.4,B,1
42734.7,633.0,0.319,6.8,A,1
24444.29,624.0,0.066,4.5,A,1
43085.53,630.0,0.426,6.5,A,1
45326.36,718.0,0.495,10.0,A,1
53705.79,668.0,0.729,8.4,A,1
19505.49,669.0,0.291,3.3,B,1
32282.54,560.0,0.269,4.1,A,0
34703.62,573.0,0.184,2.8,B,1
35688.92,821.0,0.381,2.5,A,0
21592.07,636.0,0.38,6.0,A,1
36198.32,588.0,0.228,2.8,B,1
41943.94,764.0,0.324,6.0,A,1
36055.55,673.0,0.053,3.1,A,1
37635.02,696.0,0.489,3.5,A,1
25059.51,639.0,0.234,1.6,B,1
52739.35,625.0,0.345,5.9,A,1
21213.34,636.0,0.136,0.5,B,0
22620.63,539.0,0.263,7.6,B,0
24437.55,643.0,0.308,13.7,B,0
45547.45,674.0,0.348,3.6,A,1
12762.86,798.0,0.422,3.4,B,1
19276.44,657.0,0.566,0.8,A,0
8862.34,463.0,0.46,2.2,B,1
35392.34,642.0,0.494,6.5,A,0
21580.33,850.0,0.567,7.2,A,1
30385.4,719.0,0.435,3.9,A,1
31924.34,585.0,0.344,6.2,B,1
22465.94,697.0,0.501,1.7,B,1
37775.38,591.0,0.511,4.6,A,0
31407.95,542.0,0.447,9.0,A,0
35308.6,622.0,0.132,5.3,B,1
32769.0,657.0,0.224,9.9,B,0
22021.41,500.0,0.309,10.1,B,1
32976.18,558.0,0.467,4.8,A,1
39480.14,651.0,0.347,0.0,B,1
33815.28,617.0,0.521,7.1,B,1
18236.46,682.0,0.547,1.1,A,1
42867.42,553.0,0.53,0.1,A,0
21984.67,707.0,0.531,0.5,A,1
51950.16,555.0,0.194,7.4,A,1
37985.62,781.0,0.422,4.9,B,1
38478.63,513.0,0.259,4.0,A,1
36886.79,563.0,0.103,5.2,A,0
32491.61,683.0,0.307,0.5,A,1
35123.82,783.0,0.549,2.8,B,0
23853.62,675.0,0.419,1.9,B,0
37826.84,695.0,0.653,3.8,A,1
36761.53,651.0,0.377,3.9,B,0
28258.32,568.0,0.717,5.1,A,0
22791.54,611.0,0.377,5.6,B,1
16592.78,553.0,0.353,0.5,B,0
22226.33,548.0,0.158,2.8,A,1
11321.19,682.0,0.517,3.4,B,0
43757.95,560.0,0.275,1.0,A,1
47154.12,676.0,0.253,0.9,B,0
52103.95,546.0,0.542,0.8,A,1
13473.82,674.0,0.524,6.2,B,1
43698.26,611.0,0.52,0.6,A,1
52065.28,763.0,0.296,0.8,A,1
29518.28,676.0,0.342,3.6,A,1
29348.19,749.0,0.341,4.6,B,0
10905.28,590.0,0.467,3.3,A,1
31237.42,654.0,0.583,1.3,B,1
22237.28,572.0,0.405,1.0,A,1
31543.32,617.0,0.646,3.6,B,1
16265.56,629.0,0.485,3.0,A,0
41514.3,592.0,0.315,2.4,A,1
40172.51,553.0,0.474,6.0,B,0
25601.84,537.0,0.606,2.9,A,0
21356.93,463.0,0.65,0.9,A,1
7882.38,565.0,0.528,2.4,B,0
31803.04,700.0,0.354,5.0,A,1
28020.87,522.0,0.317,2.7,A,0
16387.77,541.0,0.436,4.9,A,0
30680.1,793.0,0.601,5.7,B,1
24129.9,599.0,0.415,2.9,B,0
19120.31,676.0,0.418,3.3,B,1
24444.48,701.0,0.358,2.6,B,0
47855.65,703.0,0.301,5.0,A,0
42235.24,528.0,0.326,2.5,A,1
33439.69,632.0,0.37,4.7,A,1
42429.26,521.0,0.608,3.9,A,0
21069.06,846.0,0.314,0.4,A,1
27429.44,522.0,0.358,4.8,B,0
36767.87,566.0,0.22,3.6,A,1
29361.96,567.0,0.457,7.8,A,1
40225.5,530.0,0.555,1.1,A,1
25634.8,758.0,0.594,4.0,A,0
41117.85,844.0,0.381,2.2,A,1
41622.31,612.0,0.436,0.5,A,1
8000.0,544.0,0.327,0.3,A,0
49283.67,471.0,0.429,8.9,A,1
6022.87,630.0,0.397,4.0,B,1
24242.98,625.0,0.359,2.8,B,1
39740.44,598.0,0.371,0.7,B,1
24105.37,668.0,0.418,8.6,B,0
13172.79,682.0,0.306,1.7,B,1
21875.16,676.0,0.314,4.1,A,1
38714.1,625.0,0.606,3.5,B,0
11941.95,562.0,0.757,11.4,A,1
48547.89,703.0,0.169,3.2,A,0
34338.77,651.0,0.161,2.1,A,1
20691.26,721.0,0.206,4.0,A,1
21528.26,713.0,0.335,4.4,B,0
22793.31,536.0,0.484,16.8,A,0
33627.71,535.0,0.439,3.2,B,0
36113.13,590.0,0.376,1.1,B,1
14370.07,565.0,0.429,2.4,A,1
30156.89,710.0,0.246,4.0,A,0
24641.77,678.0,0.313,4.6,A,1
50522.12,738.0,0.347,0.6,A,1
16497.81,682.0,0.112,2.2,B,1
45821.02,667.0,0.176,11.0,B,1
30082.59,746.0,0.182,1.4,B,1
21056.79,688.0,0.465,6.1,A,0
21329.41,655.0,0.387,2.5,B,0
20796.69,768.0,0.442,3.3,B,0
19704.58,659.0,0.074,0.7,A,1
36137.92,626.0,0.127,2.7,A,1
20265.01,583.0,0.449,4.0,A,1
8835.61,706.0,0.0,3.2,A,0
24190.56,749.0,0.534,2.8,B,0
10469.83,646.0,0.077,5.0,B,0
25974.07,755.0,0.477,0.9,A,1
19452.52,492.0,0.217,4.1,B,0
24545.41,646.0,0.507,0.3,A,1
59011.56,647.0,0.831,7.4,A,1
32132.4,592.0,0.009,2.9,B,1
31221.55,841.0,0.454,5.8,B,1
10469.97,645.0,0.079,0.1,B,0
27152.44,617.0,0.414,5.3,A,0
30084.39,652.0,0.319,1.7,B,1
17891.91,490.0,0.369,3.4,B,0
34740.17,589.0,0.213,5.3,B,1
20567.64,729.0,0.467,3.1,A,0
31563.61,600.0,0.133,4.9,A,1
23498.33,584.0,0.536,2.5,B,0
30522.16,755.0,0.289,7.8,B,1
27314.12,757.0,0.14,2.9,A,1
31749.28,691.0,0.589,3.0,A,1
26415.55,614.0,0.34,3.0,B,1
26187.35,631.0,0.636,3.3,A,1
40821.13,586.0,0.533,1.0,A,1
37860.66,570.0,0.23,1.4,A,1
33936.63,566.0,0.337,6.5,A,0
20047.43,601.0,0.368,5.8,B,1
44558.53,567.0,0.579,5.6,A,0
32169.99,525.0,0.416,4.6,A,1
25632.93,668.0,0.376,2.1,B,1
28322.46,669.0,0.32,2.0,B,0
55359.04,786.0,0.342,3.2,A,1
18915.73,597.0,0.546,7.2,A,1
36014.6,674.0,0.351,3.8,B,1
12281.95,675.0,0.291,1.3,A,0
37607.28,630.0,0.265,0.8,A,1
53900.99,710.0,0.267,6.0,A,0
40864.02,712.0,0.14,8.7,A,1
32007.67,676.0,0.237,0.6,B,1
28274.61,630.0,0.575,6.1,A,1
35372.57,621.0,0.319,4.5,A,1
31975.25,541.0,0.456,1.6,A,1
25568.28,586.0,0.0,3.8,A,0
31521.49,600.0,0.435,1.1,A,0
27965.55,560.0,0.326,2.7,B,1
25793.4,685.0,0.278,3.3,A,1
25324.62,746.0,0.377,7.7,A,1
18677.08,577.0,0.276,2.6,A,0
34311.94,673.0,0.031,1.8,B,1
41543.88,567.0,0.488,4.2,A,1
28315.78,626.0,0.386,5.0,B,0
38380.44,595.0,0.303,1.8,B,0
36054.41,698.0,0.205,1.3,A,0
32240.5,596.0,0.13,1.4,B,0
38646.05,731.0,0.384,7.7,A,1
26930.41,630.0,0.592,4.8,B,1
23044.61,598.0,0.38,2.5,B,0
61569.83,550.0,0.143,6.9,A,0
